Temperature,Vibration,Power_Usage,Failure_Risk
68.61735699,54.62316841,9.710962659,0.0
67.65863043,51.96742693,10.42658741,0.0
85.79212816,54.4759661,10.00241095,0.0
65.30525614,55.24776358,11.31849134,0.0
65.34270246,50.98799802,8.474550443,0.0
72.41962272,60.37630436,8.4617153,0.0
52.75082167,58.67981902,11.65894968,0.0
64.37712471,50.98955392,9.612347722,0.0
59.8716888,46.74290998,9.470970317,0.0
73.14247333,47.58057083,5.992275271,0.0
55.87696299,52.12082973,7.52148321,0.0
84.65648769,52.61417744,10.11986526,0.0
55.75251814,60.71135179,7.382359202,0.0
64.55617275,58.63771585,3.960975688,0.0
71.1092259,52.18161835,10.36769909,0.0
58.49006423,50.19001739,13.60102236,0.0
63.9936131,53.06758986,10.41931883,0.0
63.98293388,48.71311731,11.61424519,0.0
88.52278185,41.65707963,8.052907601,0.0
59.42289071,53.2359797,11.01094032,0.0
72.08863595,43.87117168,10.78483193,0.0
50.40329876,42.6781256,8.982072749,0.0
71.71368281,47.70557869,9.181435124,0.0
68.84351718,55.39340417,8.951823204,0.0
66.98896304,49.80745765,10.30470974,0.0
65.39361229,53.26161439,10.00041413,0.0
80.57122226,42.11803922,9.981399358,0.0
52.36959845,56.90045677,10.31038137,0.0
73.24083969,46.87218649,11.65019653,0.0
66.1491772,51.97901767,8.265739569,0.0
63.23078,52.47015093,8.683767022,0.0
80.30999522,47.24847423,7.308258153,0.0
61.60782477,49.87222965,9.047558253,0.0
66.90787624,55.8636451,11.74877836,0.0
73.31263431,52.71800077,10.52512266,0.0
79.75545127,48.14692834,10.38717982,0.0
68.14341023,35.7572869,9.725256423,0.0
58.93665026,55.7438285,10.7809297,0.0
58.03793376,41.30143111,9.793556494,0.0
83.56240029,44.40165053,8.834482685,0.0
69.27989878,43.52659262,5.122365683,0.0
73.61636025,47.66149399,12.84549627,0.0
63.54880245,51.73251941,11.8524308,0.0
73.61395606,49.76539711,11.93079497,0.0
85.38036566,52.38520414,12.47226144,0.0
69.64173961,50.38410946,10.17731518,0.0
85.64643656,43.58503888,10.39463141,0.0
43.80254896,54.9813341,8.764696209,0.0
78.21902504,47.53121708,9.367854288,0.0
67.0099265,47.8594242,12.40776887,0.0
70.91760777,57.50379895,9.721107449,0.0
73.57112572,48.25371148,11.2024135,0.0
84.77894045,48.39182474,7.112290368,0.0
64.81729782,60.38373992,5.407638094,0.0
61.91506397,51.90967726,8.898926301,0.0
64.98242956,52.15020824,7.558575148,0.0
79.15402118,55.15141727,8.983719605,0.0
75.13267433,49.01825075,12.90493507,0.0
70.97077549,49.6419937,10.65348953,0.0
79.68644991,49.81388882,10.60094872,0.0
62.97946906,53.63814772,11.24441429,0.0
66.07891847,53.66320039,12.07822357,0.0
72.61055272,40.00899658,7.856285534,0.0
70.05113457,54.58163837,6.892482468,0.0
67.65412867,51.73244238,11.63577932,0.0
55.84629258,54.99005055,10.75281905,0.0
65.79354677,35.51872311,8.195896891,0.0
66.57285483,60.44187352,8.260673837,0.0
61.97722731,49.30205186,12.25086957,0.0
74.04050857,44.80047036,13.28534591,0.0
88.86185901,53.06386953,8.198758531,0.0
72.57550391,46.8811552,9.342763049,0.0
69.73486125,51.08716437,9.674414188,0.0
94.63242112,52.47840944,7.995625088,0.0
68.07639035,50.75209453,11.48164869,0.0
73.01547342,51.82480501,8.973572867,0.0
69.6528823,62.01707793,9.542800169,0.0
58.31321962,49.71190601,8.011301251,0.0
77.91031947,55.52762966,14.82523084,0.0
60.90612545,55.93515153,11.56920858,0.0
84.02794311,53.19365111,9.961479241,0.0
91.90455626,44.26827303,11.09423823,0.0
60.09463675,51.51317733,7.638374369,0.0
70.99651365,49.67930827,11.43076263,0.0
64.96524346,51.64381205,11.43637145,0.0
54.49336569,51.60678608,10.87695148,0.0
70.68562975,52.10960377,10.03923332,0.0
59.37696286,58.06855635,11.34572247,0.0
74.73592431,52.26767151,11.18362827,0.0
60.80575766,48.77921682,9.291918578,0.0
85.49934405,54.82043584,8.852796454,0.0
62.16746708,55.94735244,10.20371259,0.0
78.13517217,52.98700035,7.521785849,0.0
57.69135684,53.50586371,7.064949468,0.0
72.27459935,48.51218248,10.32952168,0.0
83.07142754,56.87853407,10.1017754,0.0
53.92516765,49.24972206,10.34668333,0.0
71.84633859,50.62788227,10.4879064,0.0
77.81822872,50.07789524,12.97972688,0.0
75.21941566,57.97252532,9.79349048,0.0
72.96984673,45.76519326,6.713622378,0.0
72.5049285,45.04303825,9.648291191,0.0
63.19975278,46.80519126,10.04177298,0.0
62.85648582,55.04908545,8.767277184,0.0
88.65774511,46.55924827,9.249607239,0.0
74.73832921,61.26217903,9.364569806,0.0
60.2531833,37.50297143,7.777084086,0.0
77.87084604,61.45471286,10.49300956,0.0
81.58595579,43.05213767,10.9964435,0.0
79.63376129,55.11285216,13.16108137,0.0
74.12780927,62.19876203,7.969811616,0.0
78.2206016,56.92136409,8.378284978,0.0
88.96792983,52.8195456,7.484844282,0.0
67.54611884,52.97377171,9.531960282,0.0
61.1048557,53.79464295,11.97466903,0.0
61.84189715,51.40595712,9.848097953,0.0
69.22898291,50.52100552,9.360304953,0.0
73.41151975,49.68703436,10.30351598,0.0
72.76690799,46.23017706,8.329714197,0.0
78.27183249,48.59662462,14.17907744,0.0
76.25667348,50.89947076,9.61992193,0.0
61.42842444,56.96001143,9.285109154,0.0
77.14000494,54.70385594,13.0668674,0.0
74.73237625,45.08756303,7.152085695,0.0
69.27171087,48.87683425,9.466695342,0.0
54.85152775,45.15827773,11.17710654,0.0
65.53485048,50.52687753,6.803751296,0.0
78.56398794,43.32987253,10.92434533,0.0
57.54261221,51.59890967,7.273651991,0.0
71.73180926,42.03503133,10.37941234,0.0
71.53725106,52.76244977,10.03829555,0.0
70.58208718,51.11957067,8.717026182,0.0
58.57029702,56.82070215,10.97574457,0.0
75.60784526,47.85297229,9.618192417,0.0
80.83051243,50.61148752,11.43951588,0.0
80.53802052,52.71649015,7.413454084,0.0
56.22330632,50.24430035,8.087127246,0.0
60.6217496,50.20295846,10.94481256,0.0
75.13785951,46.68549541,10.7112267,0.0
108.5273149,58.74788372,9.998582811,0.0
75.70890511,43.78068382,7.499184532,0.0
81.3556564,46.53547401,11.20903065,0.0
76.51391251,54.47462188,9.095819334,0.0
66.84730755,48.52525161,9.059915704,0.0
77.5896922,56.23871036,10.53175646,0.0
67.63181393,51.39497081,9.867734771,0.0
70.81874139,60.72574564,9.505948599,0.0
51.32734807,51.54910355,8.704916389,0.0
53.87284129,52.06899549,9.637551654,0.0
80.88950597,49.3508965,12.64260806,0.0
70.64280019,50.21905736,12.83920601,0.0
59.22255222,49.26498999,8.799152869,0.0
62.84696291,54.81939558,6.266920097,0.0
62.69633368,47.21254107,8.630740348,0.0
72.1645859,43.1509851,11.5812512,0.0
70.4557184,49.55858976,6.059792365,0.0
63.48399652,62.89854669,11.78519468,0.0
91.43944089,45.98162716,7.577656141,0.0
76.33919022,58.19558403,11.46152824,0.0
49.74857413,58.38850407,10.02854614,0.0
71.86454315,47.23205879,8.092121161,0.0
62.07479262,48.1043613,10.21178891,0.0
68.85263559,48.9820982,11.16882596,0.0
75.04987279,47.09159543,13.95288117,0.0
78.65755194,44.92621635,6.871516777,0.0
66.65498764,43.88029867,10.20871188,0.0
63.46670767,46.15013384,7.339372749,0.0
57.39116046,51.65440116,9.744901759,0.0
91.22156197,40.03132179,7.09764862,0.0
54.80630034,56.13834496,7.495213111,0.0
65.15765927,43.95179491,10.72726377,0.0
82.66911149,58.36286193,11.77377478,0.0
62.92330534,52.09509505,9.158476413,0.0
74.43819428,46.47494072,4.791572287,0.0
77.74634053,49.72115461,10.39789629,0.0
60.73069528,52.79163456,10.8734771,0.0
69.40474644,50.38002696,10.80858951,0.0
59.75612359,45.39663203,7.857892641,0.0
86.32411304,49.44386969,6.442824832,0.0
65.59955513,46.32235029,8.991640338,0.0
71.30740577,56.18046588,9.836954654,0.0
84.41273289,55.4565506,10.69535297,0.0
55.64137849,53.0456906,9.025542872,0.0
81.63163752,44.53843618,8.648583842,0.0
70.10233061,48.41795775,10.06830483,0.0
60.18491349,56.0654885,7.825508122,0.0
74.62103474,50.70858457,7.828349742,0.0
63.99783123,51.9665892,7.70241193,0.0
70.69802085,50.96024558,11.332625,0.0
66.14686403,48.45441768,10.92518259,0.0
71.13517345,50.66770452,6.548386542,0.0
76.62130675,49.23765082,8.644870695,0.0
85.86016816,53.54054338,12.38821881,0.0
57.62184501,54.78351158,8.037668938,0.0
91.33033375,46.0700527,9.071191475,0.0
50.479122,43.34383523,10.92412179,0.0
68.48214905,40.81897313,11.56678102,0.0
75.88317206,52.53995663,9.496922228,0.0
72.80991868,44.48316697,8.804979611,0.0
63.7730048,39.23554704,12.84473972,0.0
67.9187775,51.94289302,13.47779933,0.0
64.10635243,49.96964544,10.17063629,0.0
73.57015486,50.40914679,8.339111187,0.0
78.99599875,54.59538241,10.83679644,0.0
78.12862119,51.33696157,11.30090019,0.0
76.29628842,51.60848903,6.993839396,0.0
61.71004989,46.65954773,12.10389524,0.0
64.3981896,54.96021175,8.003878745,0.0
76.10370265,46.2212742,10.50040041,0.0
69.79098406,52.68254922,13.99133498,0.0
71.17327383,45.50766009,16.21983711,0.0
75.47097381,55.42947783,11.0690113,0.0
67.82318797,49.87486521,9.358664749,0.0
78.25416349,56.95103775,10.46014152,0.0
83.05478807,50.0517631,11.3318485,0.0
76.81952971,44.67443168,11.677881,0.0
68.69856946,49.06514349,7.799691534,0.0
70.96995965,50.28324962,10.87900246,0.0
75.95157025,52.64846377,11.55787301,0.0
61.81779317,49.64750611,10.91554573,0.0
59.93982619,50.32237207,9.988807962,0.0
57.85811387,40.12266717,11.33748331,0.0
77.91662694,49.27956222,9.225800595,0.0
76.24119817,43.95152629,11.39107552,0.0
76.28345509,52.99964365,11.69820422,0.0
69.87753227,57.65375416,9.412066105,0.0
61.02745629,56.09380926,9.856801496,0.0
70.75804558,48.93278565,6.964252507,0.0
63.22838288,57.45363068,9.285941598,0.0
79.75119733,50.74333729,11.78076633,0.0
68.52942618,48.31457014,11.15041003,0.0
61.74502803,46.93298668,11.00133144,0.0
66.78614158,48.48765157,10.09954737,0.0
61.77779604,50.80286991,11.39765684,0.0
72.44966571,52.18469085,10.9840377,0.0
64.93056825,55.95323137,8.947930315,0.0
55.51915659,37.23039433,9.042325088,0.0
55.92536226,54.67159956,8.274448472,0.0
73.10907566,44.14943487,12.11987277,0.0
84.75356217,40.99009781,11.2340119,0.0
78.57659623,52.70731364,11.36713865,0.0
68.4006147,53.7957758,7.268088578,0.0
69.80983792,47.117448,12.42388797,0.0
59.97470635,37.04478854,10.52250106,0.0
67.11341361,51.95902003,10.28677693,0.0
73.2271856,42.60544216,6.447529534,0.0
85.32738913,52.8964575,7.294659428,0.0
74.01711722,45.1346553,12.22537675,0.0
65.98779528,49.20735213,13.06745542,0.0
72.24092482,49.8634773,8.928397074,0.0
70.12592401,45.3336602,6.585284085,0.0
70.97676099,47.78358874,7.76695112,0.0
70.24510174,49.1352697,9.688203644,0.0
74.97998291,58.5585424,8.903425407,0.0
79.59270826,41.93219301,11.00356547,0.0
78.72320637,46.65463631,9.280462708,0.0
91.89802933,46.9719223,9.173069678,0.0
61.60278158,53.38962936,8.072482148,0.0
48.76104276,60.78654107,10.68757576,0.0
64.74244978,46.97142538,9.902695297,0.0
71.50393786,51.4964629,8.483009331,0.0
73.41755976,56.50870645,9.539198572,0.0
88.76170839,57.80755598,8.151533711,0.0
79.50423838,50.16002075,11.78039682,0.0
64.23096344,46.23291065,12.07049867,0.0
61.01585329,52.29986071,6.307624276,0.0
74.91919172,46.61142315,8.14097828,0.0
56.79766793,60.06693624,7.00694149,0.0
88.31458766,50.68267666,8.699952131,0.0
81.79440121,48.17339224,9.83312406,0.0
65.30824348,50.92340153,7.100709561,0.0
52.86865471,43.26436855,8.156280374,0.0
83.53872374,45.14192981,7.992085256,0.0
82.37816312,46.71552861,10.13868867,0.0
54.05572341,44.76544509,8.556524893,0.0
64.00624977,52.68326376,10.35364174,0.0
70.052437,55.92852077,8.906639831,0.0
70.46980594,53.59476655,9.456689779,0.0
65.49934529,54.98023843,13.34690418,0.0
76.22849932,46.21602456,12.6809221,0.0
68.57620515,57.50666826,11.65946484,0.0
75.14438834,48.74583492,7.703473422,0.0
77.11614878,56.64097071,11.63755529,0.0
58.75357908,52.78115005,13.07586384,0.0
54.65885829,52.27943886,7.754910388,0.0
82.77676822,60.82501172,8.164994358,0.0
73.32314012,46.78240885,12.03532293,0.0
71.15674634,51.34296139,10.68117843,0.0
70.67518481,52.53917878,7.347055743,0.0
87.55340842,55.36253669,12.33917998,0.0
67.51035852,48.17523635,9.541218512,0.0
79.71570951,45.80395166,9.9130461,0.0
76.4537595,44.77595403,6.937784995,0.0
60.35076539,60.28103565,11.14411488,0.0
76.8605146,44.48395817,9.875617966,0.0
80.58424487,48.89373188,12.24870672,0.0
52.41260514,48.6159335,9.331845538,0.0
58.16741487,51.53703349,11.12921185,0.0
49.60767822,54.07868606,7.960671323,0.0
67.30593166,54.30236744,9.952895698,0.0
85.02357052,49.16439143,10.45061584,0.0
86.28615546,48.75654437,9.737054809,0.0
69.44452301,53.67438893,6.786845799,0.0
73.84065449,53.31440634,13.49916781,0.0
69.67305252,55.86736929,12.76290816,0.0
49.325579,50.90510779,7.41547461,0.0
69.1087996,43.51584026,11.37941561,0.0
56.95530499,51.99843976,8.994050459,0.0
76.69672549,46.74321553,10.52697443,0.0
73.66598246,47.35691659,10.58844826,0.0
60.60120214,52.93182009,9.531184399,0.0
59.40786478,50.10635788,8.618917895,0.0
79.55142321,58.51107472,8.336355584,0.0
60.14273954,51.2037659,9.86564342,0.0
75.04046516,63.00841557,8.568480022,0.0
64.69742382,52.82754823,11.36410413,0.0
62.07127168,41.1961862,12.97449231,0.0
68.9296964,53.76670811,8.839893517,0.0
59.64757678,51.90579192,10.478809,0.0
58.02122107,53.36590676,10.94400454,0.0
89.64725133,49.30772008,10.15191054,0.0
70.35263552,43.87850882,11.48536484,0.0
63.00274492,48.95488371,10.96449791,0.0
67.790304,52.94289202,11.77458167,0.0
77.5750771,51.97335765,10.07587567,0.0
64.69498852,44.02058469,11.36665799,0.0
64.24181759,52.22301334,9.581372361,0.0
67.24948303,55.98315743,12.1459561,0.0
46.98078835,46.95108548,14.72774499,0.0
83.66874267,50.07344097,7.237910794,0.0
67.5096396,53.24140217,11.44312501,0.0
73.11250155,52.09766222,12.90652133,0.0
100.7888081,45.56253911,7.322788401,0.0
68.72082409,53.61190679,8.788278358,0.0
53.9355368,58.63481926,13.98503071,0.0
72.03463636,48.00181907,8.466686824,0.0
55.7774629,54.66295416,11.71917577,0.0
59.18451996,41.19595594,9.909177564,0.0
69.92027359,47.24070927,9.972324508,0.0
85.23124077,57.71054976,7.486986211,0.0
75.38910044,60.03046444,11.62641037,0.0
59.62753846,60.30751788,9.442074139,0.0
68.09661322,56.04183115,9.440479663,0.0
56.17200269,52.96263475,10.68010259,0.0
79.26177548,53.89180538,11.14122599,0.0
89.0941664,47.24407142,11.93636932,0.0
56.01432426,45.90900558,9.337383234,0.0
65.12874616,47.73385975,8.34917894,0.0
64.07606076,53.48193724,15.89818885,0.0
61.3600923,54.77652604,12.48935916,0.0
61.69049884,57.38765041,7.355084087,0.0
67.61051953,46.4158884,11.09776767,0.0
60.92436338,40.66731691,9.490088413,0.0
64.23228669,49.58659657,9.74909148,0.0
77.55391226,49.39126246,10.65575905,0.0
75.00917188,57.56724872,10.17178601,0.0
70.99332305,44.87906588,9.540400739,0.0
77.51387123,59.27046283,8.297187131,0.0
53.30594719,56.10516848,10.35042284,0.0
63.37376241,48.86757951,10.73496333,0.0
75.70598669,45.20280382,9.372940628,0.0
62.36740843,48.13896612,11.843603,0.0
53.72457562,59.42293153,10.84018898,0.0
70.48084947,57.71621764,11.21370119,0.0
60.95683375,44.40191283,7.738223129,0.0
76.38592459,50.70443123,10.94726415,0.0
53.38479938,41.15780317,8.14723774,0.0
69.33920201,51.61583857,11.11102529,0.0
57.889838,49.26198707,8.162626977,0.0
61.39586635,52.56800053,11.95163344,0.0
66.15444456,47.3364958,11.83690889,0.0
80.06292809,44.15041582,7.508565247,0.0
64.2310813,35.63868893,10.10986822,0.0
78.35692112,49.86242547,8.580840291,0.0
58.70293145,58.86125798,7.482990179,0.0
75.29804178,58.30629607,9.565965899,0.0
84.41568621,47.71451872,9.383034423,0.0
45.283555,46.9889397,14.85343297,0.0
67.96954614,51.5089595,8.870451992,0.0
70.86589787,49.49922962,6.828033376,0.0
68.44322765,48.98163125,6.24015123,0.0
81.67782062,45.61008707,13.74193035,0.0
72.54420843,45.86559823,10.77922835,0.0
73.37602662,48.86760554,8.263414536,0.0
65.88123034,51.83682753,11.06925817,0.0
65.12393776,54.56792313,4.728504522,0.0
65.67441812,45.98410525,10.00675101,0.0
65.79015519,48.64438199,11.84854028,0.0
72.89774857,49.89316353,7.972208095,0.0
90.75400799,46.2639416,10.17137432,0.0
78.71124703,37.8787987,8.149150748,0.0
66.73976468,54.42022698,10.51076751,0.0
82.01213922,53.68421949,8.209307355,0.0
49.61875465,50.33495359,8.00836921,0.0
59.91913689,52.57969609,11.30227248,0.0
66.48486516,47.35473661,9.53075886,0.0
73.26927374,51.46778966,9.400646704,0.0
67.80899471,43.21709098,9.899590766,0.0
78.29405581,52.33214991,15.24158618,0.0
47.88864691,49.82179259,7.776065948,0.0
72.35614558,41.92434092,12.92835448,0.0
77.70865194,55.82369677,11.99371755,0.0
55.21413754,46.32704212,10.56127281,0.0
81.43754043,45.94873781,13.51724097,0.0
73.38496407,51.00284599,10.74421095,0.0
65.406391,50.88220778,7.361505611,0.0
61.50155631,48.1648608,9.594038725,0.0
78.30335817,45.8620489,8.399922871,0.0
61.43916174,50.43071942,9.872950851,0.0
74.78979826,52.18279902,9.914353237,0.0
73.33662105,54.51967421,10.11604547,0.0
64.89983601,44.95134648,5.506221332,0.0
67.30125065,53.09577131,8.78659941,0.0
65.5570674,50.10396854,12.40015791,0.0
73.77300493,46.35998529,9.016195105,0.0
77.56988617,49.08551779,6.246894588,0.0
60.77834676,56.8743821,11.23942289,0.0
83.55637859,46.00403997,7.620666682,0.0
88.76795813,45.23335696,9.630949285,0.0
62.26210801,50.61335158,8.790510671,0.0
52.21279751,51.61539637,11.79413239,0.0
84.96044311,48.73823249,12.54975008,0.0
76.54365656,48.54094366,11.30304398,0.0
69.44415329,42.18404596,7.724628659,0.0
72.79968626,54.41554889,9.597016932,0.0
94.4575198,49.09760043,11.19758878,0.0
71.29221182,65.96553784,11.33668098,0.0
74.81009232,47.86821202,10.91456081,0.0
72.23884024,55.74222855,12.91164464,0.0
62.09525545,50.56635205,11.40901308,0.0
74.71468357,42.80861011,11.57811337,0.0
85.93186627,59.36648888,10.81952559,0.0
64.88784324,55.40024033,8.27782418,0.0
68.7421308,56.40508181,11.39580655,0.0
70.55724912,50.33927755,9.113911958,0.0
53.0753537,52.42366409,10.59315109,0.0
85.29550319,45.76821673,10.92636959,0.0
68.41992101,46.78225084,10.39458453,0.0
59.87895625,48.32612334,13.39991475,0.0
70.73317967,52.11799533,11.88262116,0.0
57.100391,60.3126246,7.934952193,0.0
66.64215301,50.12109728,13.6186127,0.0
86.69021525,57.06110278,9.563908209,0.0
67.40408649,49.60179304,8.304732143,0.0
67.54256936,44.68803236,7.820733925,0.0
67.2727643,52.14153549,8.430476184,0.0
43.03113357,49.06427867,9.258983803,0.0
69.45705133,54.92864998,7.188865962,0.0
67.6906547,55.93693026,10.03123667,0.0
76.96206365,62.94781821,11.80455435,0.0
88.48956095,52.89816587,8.18448764,0.0
81.2656503,51.62898158,13.03856785,0.0
67.31111309,50.97192151,11.02158418,0.0
58.93474091,48.23416854,12.06116117,0.0
95.73359803,51.69241922,8.684330892,0.0
70.59218434,48.52299295,11.70905045,0.0
70.13929292,50.84230488,7.816132199,0.0
69.75874913,56.58798768,11.780495,0.0
71.98084761,44.96728717,10.34367868,0.0
68.55639588,55.69939281,11.10650244,0.0
64.53141059,49.40965737,8.209860315,0.0
69.6724673,39.3907255,11.19445644,0.0
64.56575229,46.96089006,8.103303992,0.0
62.87154217,56.48497273,10.92641258,0.0
71.06430228,49.88565969,7.265724387,0.0
82.46085192,48.8053395,8.606456363,0.0
66.57312406,48.04120925,10.52088453,0.0
66.28559134,45.38794908,8.922316288,0.0
55.92488305,58.07687845,7.982890632,0.0
62.22183312,48.38839765,6.074748617,0.0
58.89424155,56.0857926,10.69930009,0.0
87.52270443,57.60658026,6.870394457,0.0
79.35678393,54.99155449,10.1906884,0.0
82.71555095,47.84189844,9.473103568,0.0
58.70948229,49.87902197,9.395909001,0.0
64.75479734,45.4814907,9.341104427,0.0
74.89374561,51.62179641,11.46374141,0.0
57.77872191,44.10480104,10.67011606,0.0
66.25179192,51.00579828,6.928855754,0.0
77.10959968,51.41643936,11.51357736,0.0
66.39033834,52.93346901,7.966633743,0.0
59.18936672,54.35648649,9.921385425,0.0
75.93101258,50.6318979,10.66771993,0.0
66.90453561,59.694645,12.86273356,0.0
73.26133022,44.99834338,12.16353346,0.0
57.48886424,46.61127515,7.375561613,0.0
79.24027019,52.56953925,11.24413998,0.0
68.15097864,50.89790891,12.65786664,0.0
80.49009226,52.44593565,12.18196085,0.0
62.95656309,53.17360734,14.02454089,0.0
55.91538704,55.54849921,12.04741909,0.0
54.43370826,52.04909328,10.49861719,0.0
76.06009951,48.79371173,12.09017695,0.0
57.19570648,53.36286851,10.28977567,0.0
87.54794182,59.49940967,10.04780609,0.0
49.18070592,49.33683127,9.297171529,0.0
86.96456368,45.12735348,13.12682672,0.0
64.55080913,39.13665227,10.99972825,0.0
69.62365298,47.32335907,10.73529859,0.0
81.03301882,49.54733359,5.799946985,0.0
71.14227649,51.65990165,11.25101603,0.0
71.50301761,50.9524984,11.77046297,0.0
66.36387788,53.54725909,8.815288089,0.0
69.43054376,47.82256815,10.24709539,0.0
52.89831607,48.70226661,8.988506591,0.0
71.70865438,45.32280649,13.92517438,0.0
68.16016664,55.42991058,10.00739134,0.0
70.18433933,47.32018277,12.02292607,0.0
73.47581705,54.04028899,12.68295183,0.0
64.6024032,51.83643657,8.515031535,0.0
71.95845255,48.88267009,12.46174903,0.0
60.21627222,48.25341602,13.37002856,0.0
52.97416396,48.48410109,8.240371293,0.0
72.56029734,44.7315879,9.329724438,0.0
79.82690984,44.66098539,10.68467567,0.0
57.20423033,49.15589138,10.92657706,0.0
63.75181422,50.35026082,10.08702934,0.0
70.2609105,55.80939151,11.11627903,0.0
75.1765902,45.36323433,4.940879845,0.0
71.86766764,54.87598815,10.48264387,0.0
62.44617068,52.50547085,7.697971833,0.0
60.76766754,36.48383854,13.5109514,0.0
56.48315394,53.3893766,13.14603945,0.0
60.24126747,46.72962158,9.068388862,0.0
80.53641797,40.84683552,9.698324577,0.0
60.50601111,52.556013,9.852104869,0.0
96.32382065,56.86829273,9.096681048,0.0
71.84836124,54.76437274,8.483435862,0.0
61.4164222,58.06139129,7.73876933,0.0
64.24362174,58.19982265,11.25905917,0.0
95.60084538,50.37716819,11.79071086,0.0
69.039401,41.99017094,8.736844542,0.0
81.49273326,48.76968756,10.50633048,0.0
62.96823575,45.78376702,11.64068803,0.0
69.6501151,60.85471359,9.932774871,0.0
87.70800636,49.12057094,10.90948182,0.0
88.12448558,52.75742688,9.607066833,0.0
77.07751935,50.21801223,9.588281138,0.0
64.37533224,58.4752552,8.506843307,0.0
76.32407739,46.88675319,9.646451674,0.0
79.7255445,50.97303728,6.902763402,0.0
62.72862824,46.94115455,9.487640495,0.0
67.52481364,49.81481601,9.517005108,0.0
69.25566571,47.85348888,9.8764716,0.0
71.77701001,42.96841268,11.74903415,0.0
56.64655641,49.58447214,8.700469546,0.0
75.59790448,50.41219876,9.025594158,0.0
80.80780726,42.7122425,9.296157364,0.0
74.59180079,46.23921797,7.407766672,0.0
69.29834289,51.59587255,9.087758345,0.0
53.39039066,56.70225223,10.36285324,0.0
72.07687687,50.5751304,8.885153894,0.0
57.23251424,53.35670038,8.146603382,0.0
59.1894346,51.06598314,9.937121659,0.0
69.60444846,48.40473032,11.14625563,0.0
76.81500697,46.01987072,6.428267016,0.0
64.83955272,49.69669593,15.38606733,0.0
70.96120777,46.45796617,10.69960005,0.0
65.65503773,40.98430162,9.809071506,0.0
65.21251378,52.54362512,8.333887886,0.0
82.55756126,42.09404649,11.83078055,0.0
61.05392698,54.47519157,8.900919451,0.0
68.13128356,47.58469474,9.766468168,0.0
65.60268942,50.73396506,8.728884317,0.0
84.46977884,58.06110314,13.4777027,0.0
71.96554777,54.48419658,9.357514468,0.0
80.31844539,48.65734676,13.66511409,0.0
55.14439627,45.54403887,11.62830352,0.0
72.67050266,39.24092299,10.96413345,0.0
80.65480375,45.06410236,6.144654841,0.0
84.0934744,50.38425941,11.69031594,0.0
92.98898124,48.87572009,9.902205633,0.0
66.3716144,46.7499871,7.189620306,0.0
65.54497479,50.84327336,9.895191099,0.0
65.79813183,49.50705934,11.90289855,0.0
67.18215391,50.09424811,9.266985959,0.0
62.32202435,51.43562083,9.452013836,0.0
69.65315113,46.93781313,9.513232041,0.0
85.50500493,44.28136896,13.80827318,0.0
60.01645959,50.54279853,13.25191783,0.0
79.84322398,49.83385005,14.43756047,0.0
69.5053629,49.35731244,10.59124898,0.0
76.74819492,40.59075477,6.966714901,0.0
58.77277978,47.25637546,12.95386885,0.0
73.82409746,50.46422451,7.664440897,0.0
71.66452208,50.79928196,10.43355113,0.0
74.92451264,44.8616243,7.805394945,0.0
63.62260016,54.847286,8.784249479,0.0
63.76859474,46.76886345,8.90346241,0.0
64.44522881,58.87655446,11.66666782,0.0
63.62612873,44.03181584,7.790274414,0.0
81.89016531,54.59577087,10.44108285,0.0
84.20504248,55.00291159,12.4359183,0.0
64.29253706,46.64689895,8.973607271,0.0
74.71415556,48.74976743,9.53895075,0.0
64.47776956,51.44346815,12.35945042,0.0
76.32931818,51.30160919,10.38821526,0.0
72.02923021,49.32845629,8.937571411,0.0
74.96714153,56.99677718,8.64964345,1.0
76.47688538,50.29815185,8.415160158,1.0
85.23029856,46.76531611,9.384076941,1.0
67.65846625,53.49111657,6.212770666,1.0
77.67434729,53.17585901,8.365822738,1.0
75.42560044,47.32382394,11.87514028,1.0
65.36582307,56.58697033,6.784880271,1.0
50.86719755,46.55406091,8.120193798,1.0
60.91975924,48.39826346,11.27083606,1.0
67.742237,47.13149998,10.55475388,1.0
70.67528205,49.87822704,12.72131719,1.0
73.75698018,50.60015663,12.47789271,1.0
67.0830625,44.88603717,9.016727629,1.0
69.86502775,51.99611561,10.95271554,1.0
78.22544912,47.58406769,12.12041981,1.0
57.7915635,57.86993382,15.51932008,1.0
56.71813951,51.12225909,9.948851376,1.0
71.96861236,55.23549151,6.46184819,1.0
77.3846658,58.41963846,8.610573738,1.0
55.2147801,49.1368635,8.355160135,1.0
62.80155792,54.41829969,12.24206133,1.0
73.4361829,57.38270175,9.344210567,1.0
76.11676289,51.30336883,9.392547942,1.0
79.31280119,46.64188316,8.361484281,1.0
65.20825762,53.85849355,11.70179592,1.0
78.12525822,48.18779529,10.5307247,1.0
80.03532898,55.80413394,9.731441676,1.0
70.87047068,42.21709051,11.2315423,1.0
50.12431085,54.25110871,9.09962147,1.0
67.80328112,48.25673933,10.00105592,1.0
73.2875111,51.1939458,9.704439362,1.0
64.70239796,48.70478927,9.093503182,1.0
66.72337853,50.25972943,7.722333764,1.0
55.36485052,49.5964171,9.848471427,1.0
72.96120277,50.39317595,11.34096123,1.0
68.38714288,55.54091408,7.621176214,1.0
71.74577813,44.73292218,11.27678385,1.0
69.25554084,59.57015677,11.20637486,1.0
50.81228785,49.046588,8.911771996,1.0
70.6023021,54.35033865,10.08183835,1.0
81.42822815,51.00549523,4.875332682,1.0
77.51933033,55.25327198,9.617944475,1.0
55.98148937,44.28497544,9.474218342,1.0
75.86857094,58.16715766,10.04493179,1.0
64.3370227,46.22862075,12.22864339,1.0
66.77938484,43.86196092,13.0980403,1.0
72.59882794,49.13464088,9.553595491,1.0
57.63049289,44.51862457,6.798192043,1.0
56.79543387,42.79974559,8.34300595,1.0
73.46448209,39.23304943,13.32294033,1.0
72.32253697,43.38455103,10.46140181,1.0
72.93072473,58.2100758,7.47967047,1.0
58.08696503,54.90882743,12.56328759,1.0
76.56553609,48.37584308,11.11538212,1.0
61.79317682,41.77300627,12.28029808,1.0
62.46263836,54.26707779,10.93271675,1.0
70.13001892,41.53521593,6.784677946,1.0
84.53534077,49.50830187,10.36948116,1.0
67.35343167,45.05704446,14.04721244,1.0
97.20169167,44.48205341,10.01359969,1.0
59.29107502,54.59158303,9.639216636,1.0
74.82472415,42.14749698,12.74569695,1.0
67.76537215,45.05185932,5.576276177,1.0
61.53206282,52.7502605,9.141511159,1.0
72.14093744,46.99316178,14.04861925,1.0
73.8531738,52.20237369,8.676035644,1.0
61.16142564,49.90181101,10.85177441,1.0
73.5778736,50.62612251,13.60869622,1.0
75.15035267,46.49004156,12.96823206,1.0
75.15047686,42.98697364,9.373883939,1.0
79.54001763,46.40796367,11.76466612,1.0
62.27174785,46.63254688,9.126560528,1.0
65.14636452,45.82326473,14.19944358,1.0
93.14658567,44.0620079,9.283319696,1.0
76.8626019,53.1688844,11.48838394,1.0
65.28068134,49.07356171,8.701253923,1.0
76.79597749,61.05261501,12.01502738,1.0
63.38213535,52.8449154,9.185927374,1.0
78.52433335,58.14198312,11.37263691,1.0
57.99703593,46.75361227,13.23442515,1.0
65.25054689,50.17041734,8.202431903,1.0
87.6545424,51.16892956,9.621759218,1.0
74.04981711,42.22052177,11.84330022,1.0
79.17861947,54.16764481,13.02230986,1.0
80.32465261,51.87028285,9.975822104,1.0
37.5873266,52.69377996,12.47156438,1.0
67.47431849,50.84680412,11.36043221,1.0
57.52216818,42.93142752,12.38501502,1.0
55.69858622,45.48046179,10.63930365,1.0
71.99059696,61.5966477,11.35874657,1.0
65.06999065,62.46499759,11.9577161,1.0
78.49602097,54.19245387,8.383468557,1.0
63.07090405,49.50555173,11.04502821,1.0
73.07299521,48.54862728,12.80319719,1.0
77.47293605,49.12520122,9.232057456,1.0
82.77664896,50.14090579,11.21344612,1.0
64.08428611,49.95440502,9.633606763,1.0
67.97807348,52.37349116,11.77531085,1.0
80.98776852,54.0888315,13.59042271,1.0
78.13509636,52.78905153,10.99548618,1.0
70.21003842,43.44081884,10.84317322,1.0
66.89733243,48.47387648,8.765493627,1.0
73.24166352,46.95243899,8.883396492,1.0
90.92387276,52.43250822,13.34898487,1.0
81.58110874,45.30332303,7.816598248,1.0
74.12931454,48.05911591,10.01412632,1.0
64.36275447,50.85208111,8.679357721,1.0
72.43687211,50.0152301,10.84194589,1.0
65.28961694,54.74777068,5.69331416,1.0
72.32049937,42.57551016,12.19430542,1.0
62.81555779,43.16560651,11.38695782,1.0
67.86552848,48.87617299,9.21597472,1.0
69.81486864,47.26877776,9.261445722,1.0
61.72769056,50.9167996,10.81730562,1.0
75.19346514,49.92345075,7.941256984,1.0
68.91239852,50.59790184,6.955281628,1.0
76.90143992,55.98285751,8.741473213,1.0
62.26990216,45.57598643,12.47162324,1.0
84.51143608,43.14049429,10.32003645,1.0
91.53182458,57.35585164,12.23479763,1.0
62.32652437,48.95338161,12.89699846,1.0
71.83342006,55.19952344,7.347904628,1.0
61.91701715,59.13004857,10.52056101,1.0
64.00607355,47.56044296,8.08569817,1.0
62.40867338,53.71047686,10.06559399,1.0
68.85460155,56.00206954,10.41453466,1.0
59.32379571,42.89094667,7.400837526,1.0
71.20295632,48.38660081,11.62279311,1.0
62.51513463,54.63920064,10.54299062,1.0
85.51151976,50.28506562,11.10295255,1.0
81.79297184,57.64234213,10.78139184,1.0
90.60747925,52.6914804,12.09463541,1.0
83.68631558,40.16821705,11.02850951,1.0
77.17542256,47.08461281,9.651291484,1.0
70.7409478,51.41289975,9.260946142,1.0
56.19898542,58.03672788,11.65209434,1.0
52.96617561,52.45487476,9.126471526,1.0
64.86133083,56.19141536,8.432468669,1.0
69.37320903,51.54416506,8.167616169,1.0
64.46350695,56.44876377,10.99937022,1.0
72.13979911,45.74739773,7.524675155,1.0
68.8767195,47.09738275,11.73831213,1.0
76.141667,58.34952252,8.473427792,1.0
54.84808938,49.32991417,8.428027935,1.0
86.44967714,46.07550843,10.60763719,1.0
75.76556963,49.39525926,9.538267252,1.0
81.19574911,47.8127085,11.38583725,1.0
60.44459559,48.13583424,13.43875581,1.0
62.43649255,51.12342363,8.900885728,1.0
63.53427116,42.90817134,9.2257387,1.0
86.87141635,42.37171843,10.05077684,1.0
78.81639757,56.31292052,6.160653688,1.0
84.79944139,62.79099643,8.620544452,1.0
70.77368308,47.17876201,9.013754355,1.0
61.38715799,50.92275652,12.88726401,1.0
61.24381747,55.12031263,11.58074379,1.0
75.62969237,49.98312771,8.775526531,1.0
63.49357431,49.14907689,7.829698947,1.0
70.48521628,50.44203443,7.297851268,1.0
72.70456826,44.29155443,10.96373212,1.0
69.49761891,49.0317027,11.09452959,1.0
60.22444755,53.15405842,5.561399255,1.0
75.43360192,52.91048852,15.97051801,1.0
51.95117899,55.4437431,10.96537577,1.0
72.59722502,47.55575289,14.11308713,1.0
63.48163892,47.66981749,9.165266373,1.0
70.47398671,42.02648466,9.409820172,1.0
62.03104745,52.34387128,10.86591965,1.0
75.77072127,45.0080728,7.244764998,1.0
73.71145873,53.83040139,12.04276659,1.0
63.96014813,56.13466612,14.17688555,1.0
73.94452142,57.46344284,10.65564235,1.0
65.91924627,48.59336221,9.183798322,1.0
51.29208079,42.18727072,11.71690223,1.0
70.18418379,53.9713234,10.07647599,1.0
86.76437312,43.72855288,7.102817171,1.0
65.84712086,55.74318675,10.77831839,1.0
76.32781866,44.92089091,9.893758694,1.0
92.70692858,50.30839925,12.44713776,1.0
71.81866255,52.1440825,12.19293847,1.0
72.48220586,53.46552804,8.748645425,1.0
70.71566237,44.63930494,12.47487627,1.0
65.22342553,35.39324758,9.08539669,1.0
80.37539944,38.18533782,11.69686176,1.0
60.21236284,60.28747735,10.42256738,1.0
78.6960592,46.7701791,8.729275222,1.0
74.13434903,47.58628239,8.751309221,1.0
57.55345297,58.12339229,5.588867886,1.0
58.74510953,49.61081401,9.98695737,1.0
71.09394795,51.49376454,8.531652402,1.0
77.25766624,46.24104475,10.16399111,1.0
88.82024496,54.59614467,10.16765326,1.0
83.45420046,46.65927957,12.82091829,1.0
60.1039518,47.76339052,12.80673994,1.0
80.94191518,54.26386838,9.041014065,1.0
65.7311893,55.14980409,10.62261735,1.0
53.45143328,47.98175768,12.1430863,1.0
78.23170584,45.2243871,10.38127118,1.0
57.04921228,44.66233543,10.7958541,1.0
54.96857047,52.26185898,8.695822223,1.0
64.26337993,56.58557534,7.648810789,1.0
67.45022783,45.00348884,11.69634843,1.0
85.03992989,47.47612539,7.53495337,1.0
43.49030192,54.20310013,11.10459988,1.0
80.91506852,52.73366784,11.25126187,1.0
49.26609768,48.16587794,11.16405313,1.0
77.21672064,52.01865045,11.35828555,1.0
77.1299843,55.93839694,10.63231191,1.0
67.59674602,47.67691351,10.93853518,1.0
74.44263311,48.70547513,11.22493759,1.0
81.59329803,47.62548172,9.511839053,1.0
76.15935607,43.2701016,9.731006431,1.0
64.77276979,51.7531505,10.77361704,1.0
72.11017467,55.53540335,8.363142668,1.0
69.03286888,49.39809418,13.06473545,1.0
73.99136114,54.23710839,7.20138765,1.0
73.07801769,52.56552899,13.90831487,1.0
56.51814578,53.6940524,7.882184826,1.0
77.43264094,53.07683742,12.9633268,1.0
62.21695275,59.19091838,9.029388329,1.0
74.08252756,49.90290197,11.12576172,1.0
80.29155637,53.99970951,13.97412222,1.0
74.72597482,41.91844696,8.938058204,1.0
86.65474444,54.75153796,13.10832084,1.0
80.14370065,58.55306686,11.70795195,1.0
51.59125769,49.47775391,10.829731,1.0
62.74256187,51.19184491,9.406785082,1.0
63.88482197,50.94790808,10.77264664,1.0
55.93338903,55.00523046,9.591057558,1.0
74.93317901,49.31275743,10.39004997,1.0
77.00309879,56.57457227,11.24542245,1.0
71.22009815,53.71063746,8.391368481,1.0
63.73032942,50.61602403,8.967140712,1.0
76.21809962,46.28764707,9.017692506,1.0
54.2977528,43.39988744,9.430249013,1.0
76.20672098,46.5378951,10.95888304,1.0
73.80197851,42.47639813,7.593598289,1.0
76.10585745,53.80027982,7.915911176,1.0
78.33922155,48.45395461,8.460007868,1.0
74.29618219,40.62413765,11.19005893,1.0
72.71578837,49.19933602,9.174004356,1.0
80.53152853,46.24015334,8.303142732,1.0
70.28318376,55.38003569,9.280740655,1.0
70.29756139,50.10655824,10.60221468,1.0
79.38283806,59.50595343,10.36766903,1.0
65.37724711,42.43142804,7.991890806,1.0
66.90827877,42.07932028,6.447507333,1.0
72.22133772,51.33563326,9.838800501,1.0
78.89630796,46.4042334,10.73746629,1.0
70.82283989,48.94434881,10.7875946,1.0
64.8271155,49.34371516,9.442233212,1.0
84.53384477,52.20970325,13.40821103,1.0
85.79572146,44.54800461,12.49378343,1.0
64.77139973,57.0546619,9.875991981,1.0
56.55549489,53.54107212,6.592256826,1.0
60.81348054,51.16608066,8.151068024,1.0
59.95859233,54.76568317,13.12577754,1.0
72.34214733,51.80751763,9.400323607,1.0
67.86011156,48.95941571,9.681909579,1.0
72.89168644,56.3285392,8.822266347,1.0
94.5530014,45.66912576,8.325475138,1.0
64.69003045,52.13597181,8.921754594,1.0
61.67644427,56.9623265,8.564162219,1.0
87.95877673,41.25734013,11.36271902,1.0
90.10204539,47.94592856,12.457961,1.0
62.01702755,48.92539485,10.91677341,1.0
69.66873027,56.55154373,9.937882134,1.0
87.94557864,56.97841905,8.180633166,1.0
81.88393273,45.97064967,9.625341963,1.0
80.44160877,47.0376787,10.91537317,1.0
76.8189149,49.86797122,4.504990315,1.0
88.46707326,51.40080579,9.000539648,1.0
75.90654831,47.63080326,9.229956377,1.0
75.07274031,50.03211135,5.73886704,1.0
83.82158991,49.5581852,11.01653728,1.0
61.83064329,48.52259841,10.57465781,1.0
66.06661188,48.33090255,9.151527333,1.0
70.28744823,55.86562319,8.860334144,1.0
71.91099068,49.46348928,6.965652607,1.0
72.19150328,61.15650073,10.71690724,1.0
71.86609123,46.89576201,11.33730961,1.0
81.95046629,60.37041335,10.18350497,1.0
73.77211875,48.56997889,10.42942637,1.0
88.81157069,52.48349612,9.088920948,1.0
55.519861,47.67344772,8.221518344,1.0
59.78767183,51.26869831,8.792038748,1.0
69.00824136,48.28403862,9.618993788,1.0
73.52055397,56.3096075,11.55481471,1.0
74.56753219,65.68874267,9.526889426,1.0
83.2915253,51.42777037,8.782820554,1.0
77.09003758,53.22607793,7.886884714,1.0
63.18948343,35.29805683,9.862731908,1.0
78.40643549,53.27950388,7.263369922,1.0
60.33023857,46.86641388,11.46498421,1.0
69.52288644,54.31196736,10.57744733,1.0
69.96397461,54.76562523,6.690225128,1.0
67.52822617,55.94456686,10.14407372,1.0
59.9837999,51.75724104,8.09616308,1.0
67.18899707,55.35075119,10.15496104,1.0
64.2882101,49.18466518,10.66835283,1.0
27.35,8.81,35.34,1.0
37.23,5.08,21.71,1.0
22.68,4.52,39.63,1.0
31.06,9.87,90.09,1.0
79.13,5.37,66.12,1.0
25.53,9.94,76.63,1.0
26.5,2.95,49.09,1.0
27.71,8.69,25.17,1.0
23.51,2.81,38.28,1.0
48.36,5.7,6.42,1.0
77.83,6.19,70.38,1.0
32.85,6.66,96.1,1.0
55.47,8.71,30.94,1.0
55.73,5.43,57.98,1.0
21.66,2.74,24.99,1.0
26.45,3.43,85.38,1.0
76.15,8.93,57.4,1.0
60.02,4.13,86.23,1.0
23.02,2.77,38.52,1.0
71.82,7.66,28.89,1.0
71.79,9.65,55.25,1.0
31.14,1.59,66.58,1.0
47.4,6.26,47.37,1.0
44.8,4.44,88.19,1.0
62.67,0.51,78.45,1.0
24.05,3.08,21.99,1.0
26.66,6.02,18.55,1.0
66.25,7.7,42.36,1.0
42.12,9.97,81.16,1.0
62.74,6.46,47.34,1.0
58.53,8.63,49.62,1.0
59.97,7.53,56.91,1.0
51.59,8.19,88.99,1.0
28.39,9.72,21.09,1.0
49.37,2.06,83.22,1.0
38.92,2.61,15.11,1.0
29.11,7.3,98.87,1.0
72.03,4.94,95.99,1.0
53.52,0.17,28.47,1.0
73.38,8.92,59.17,1.0
67.48,5.15,99.77,1.0
52.39,1.76,27.71,1.0
37.5,3.59,95.68,1.0
67.97,8.88,36.85,1.0
35.07,5.88,23.73,1.0
71.33,7.64,30.84,1.0
27.97,3.63,65.63,1.0
67.01,4.83,67.56,1.0
20.79,3.76,70.15,1.0
42.67,8.62,34.3,1.0
38.55,3.5,19.4,1.0
36.58,1.47,36.24,1.0
32.42,5.11,82.27,1.0
73.86,6.69,8.43,1.0
59.61,1.39,99.98,1.0
57.29,9.31,96.12,1.0
26.84,4.08,86.64,1.0
51.34,7.77,68.39,1.0
51.85,4.14,66.06,1.0
66.79,4.05,40.44,1.0
55.85,4.07,83.67,1.0
24.8,5.09,33.44,1.0
54.57,2.52,94.62,1.0
41.84,8.67,40.0,1.0
54.05,7.1,71.8,1.0
22.18,3.31,22.56,1.0
44.35,2.1,77.22,1.0
73.97,1.78,58.02,1.0
52.41,5.46,43.77,1.0
70.74,2.33,15.03,1.0
39.29,0.36,21.41,1.0
66.48,8.68,58.1,1.0
30.46,3.07,80.01,1.0
50.12,0.56,34.73,1.0
22.94,1.52,27.79,1.0
24.09,8.74,7.24,1.0
48.13,9.5,36.96,1.0
54.82,2.79,52.78,1.0
76.2,6.48,98.95,1.0
58.94,2.88,15.12,1.0
50.82,7.98,63.16,1.0
26.95,9.31,11.66,1.0
78.55,1.65,14.32,1.0
74.97,1.27,86.91,1.0
62.4,8.36,74.25,1.0
76.13,3.81,89.59,1.0
43.83,8.59,67.68,1.0
51.88,6.5,20.79,1.0
47.89,7.43,15.57,1.0
20.8,2.48,16.19,1.0
36.13,9.26,78.36,1.0
21.97,1.6,91.76,1.0
39.48,0.17,86.47,1.0
62.47,6.83,87.67,1.0
40.64,0.59,18.19,1.0
36.63,3.24,56.77,1.0
69.86,0.67,98.87,1.0
52.74,4.38,71.78,1.0
77.94,5.45,48.33,1.0
47.12,8.01,63.57,1.0
20.17,7.76,91.42,1.0
32.19,2.71,79.62,1.0
43.87,8.98,84.43,1.0
77.28,4.96,92.83,1.0
79.41,4.03,53.72,1.0
20.03,2.38,51.29,1.0
33.61,3.73,88.05,1.0
21.78,7.77,5.4,1.0
63.1,1.4,47.69,1.0
45.77,9.26,25.67,1.0
56.18,7.92,70.96,1.0
54.68,9.25,8.88,1.0
54.26,8.68,62.94,1.0
65.09,3.47,7.38,1.0
30.24,5.96,50.59,1.0
76.65,7.98,69.55,1.0
20.32,2.08,27.98,1.0
53.19,8.46,40.97,1.0
42.19,0.85,20.94,1.0
70.56,4.01,53.88,1.0
76.21,3.15,18.17,1.0
54.3,3.87,7.75,1.0
76.82,3.2,7.18,1.0
76.45,9.95,77.76,1.0
20.45,4.11,88.05,1.0
64.69,1.62,76.89,1.0
66.01,4.5,11.75,1.0
53.87,4.21,8.91,1.0
23.5,7.6,46.71,1.0
67.92,3.89,34.6,1.0
42.01,6.41,27.41,1.0
59.77,7.62,80.92,1.0
25.68,5.11,72.32,1.0
29.33,3.09,20.49,1.0
64.11,0.6,44.43,1.0
70.16,4.03,5.29,1.0
39.86,6.73,68.72,1.0
24.56,4.55,60.65,1.0
55.18,4.04,49.58,1.0
63.43,7.18,56.91,1.0
73.52,1.45,87.91,1.0
33.13,3.03,60.88,1.0
67.29,1.14,15.71,1.0
36.83,8.51,49.11,1.0
65.14,3.45,95.38,1.0
21.54,8.05,62.67,1.0
27.33,0.36,12.36,1.0
50.9,6.12,87.83,1.0
57.17,4.05,86.63,1.0
66.97,8.48,69.38,1.0
58.62,8.27,85.48,1.0
30.83,2.1,75.47,1.0
27.09,9.82,89.45,1.0
42.33,0.65,38.6,1.0
41.21,1.59,75.61,1.0
48.13,3.24,57.25,1.0
75.8,4.67,69.75,1.0
54.86,5.15,49.82,1.0
71.15,2.89,17.25,1.0
53.88,3.36,33.22,1.0
79.03,4.88,35.31,1.0
46.02,0.22,25.41,1.0
33.98,5.36,57.92,1.0
44.02,6.36,65.96,1.0
43.47,3.09,54.32,1.0
76.95,4.55,26.09,1.0
78.75,3.3,19.08,1.0
53.63,1.99,20.3,1.0
69.23,8.2,69.74,1.0
25.93,6.84,92.36,1.0
43.83,6.19,18.24,1.0
21.4,5.09,18.11,1.0
65.2,7.14,76.63,1.0
78.52,0.22,28.08,1.0
75.21,4.11,99.87,1.0
24.14,6.55,18.9,1.0
70.59,1.76,90.79,1.0
26.69,7.76,9.99,1.0
64.06,3.92,81.45,1.0
30.36,9.41,93.55,1.0
46.92,8.59,98.73,1.0
59.72,4.53,8.42,1.0
28.62,2.15,23.21,1.0
69.64,3.57,28.48,1.0
74.15,0.32,58.93,1.0
24.86,2.97,85.33,1.0
66.63,4.44,74.39,1.0
20.09,7.55,22.51,1.0
56.29,5.55,79.05,1.0
41.01,8.35,61.23,1.0
46.75,2.25,55.87,1.0
36.84,3.8,86.1,1.0
55.5,7.7,57.08,1.0
31.17,1.31,53.35,1.0
32.35,1.0,19.12,1.0
49.23,3.87,45.19,1.0
53.71,9.09,77.16,1.0
65.47,5.93,63.0,1.0
76.53,3.81,6.41,1.0
78.92,0.42,28.85,1.0
74.57,3.93,9.56,1.0
76.32,4.39,29.87,1.0
50.21,7.19,69.37,1.0
69.29,2.39,21.21,1.0
69.49,4.58,38.02,1.0
55.25,3.1,20.3,1.0
61.1,7.1,43.86,1.0
30.55,9.13,7.95,1.0
69.21,5.84,88.2,1.0
35.99,1.21,11.44,1.0
51.46,0.83,63.32,1.0
74.62,6.44,31.76,1.0
32.95,9.72,44.96,1.0
69.56,3.16,81.24,1.0
36.21,7.51,85.23,1.0
79.64,9.74,53.41,1.0
44.68,8.64,91.56,1.0
49.17,3.72,92.99,1.0
32.33,8.69,70.33,1.0
25.59,5.79,39.97,1.0
44.54,3.09,15.85,1.0
21.0,2.43,37.18,1.0
33.83,6.53,69.89,1.0
44.18,6.75,98.41,1.0
61.44,6.54,83.7,1.0
52.55,1.18,10.18,1.0
69.17,2.66,27.77,1.0
66.25,5.0,84.75,1.0
56.61,6.06,72.64,1.0
65.58,2.76,26.85,1.0
35.27,6.83,6.79,1.0
58.62,8.5,6.73,1.0
66.47,8.64,81.79,1.0
67.6,9.36,72.89,1.0
60.68,0.3,36.75,1.0
73.59,0.94,59.41,1.0
23.64,6.6,43.03,1.0
67.27,4.41,81.62,1.0
48.1,1.48,34.56,1.0
62.3,4.89,28.39,1.0
31.03,2.34,28.93,1.0
56.52,3.64,33.04,1.0
54.72,5.29,84.82,1.0
75.86,4.19,21.11,1.0
32.11,9.43,51.97,1.0
44.19,4.58,45.29,1.0
66.96,7.0,69.75,1.0
30.74,4.2,89.55,1.0
70.3,1.84,84.02,1.0
42.7,5.11,50.28,1.0
20.24,6.4,26.47,1.0
71.02,0.42,66.3,1.0
68.68,9.37,24.12,1.0
30.2,3.83,18.25,1.0
61.33,4.24,89.13,1.0
39.7,1.94,21.44,1.0
28.4,2.4,35.61,1.0
20.21,4.64,92.16,1.0
27.28,6.54,46.36,1.0
36.51,8.84,17.97,1.0
41.67,6.55,21.79,1.0
50.0,1.42,11.67,1.0
58.17,5.89,78.31,1.0
35.53,6.53,26.93,1.0
78.54,3.37,41.32,1.0
21.14,1.86,47.43,1.0
76.92,1.85,76.29,1.0
22.98,9.28,34.68,1.0
23.14,8.45,81.39,1.0
47.42,8.58,94.74,1.0
34.16,7.66,49.28,1.0
43.55,8.79,39.44,1.0
42.58,8.19,65.99,1.0
36.08,5.73,32.73,1.0
20.09,3.43,16.24,1.0
73.08,8.51,94.78,1.0
78.83,5.58,69.84,1.0
68.03,3.34,57.89,1.0
31.06,7.88,13.05,1.0
72.04,8.69,61.34,1.0
22.23,6.4,33.67,1.0
22.79,2.79,67.35,1.0
43.05,5.59,87.44,1.0
79.25,6.5,49.23,1.0
48.7,7.21,90.17,1.0
48.72,3.55,93.37,1.0
46.65,2.66,40.18,1.0
75.35,0.49,59.3,1.0
28.93,6.77,80.09,1.0
76.41,8.21,29.85,1.0
31.14,7.68,18.04,1.0
27.08,5.28,63.86,1.0
48.0,4.23,62.32,1.0
44.97,3.15,11.22,1.0
69.14,7.94,19.35,1.0
72.21,4.84,64.07,1.0
38.3,1.83,33.55,1.0
22.16,7.29,59.14,1.0
